Transaction date,Reference,Amount
23/09/2026,PAY-26001,6795.08
26/09/2026,PAY-26002,2469.71
27/09/2026,PAY-26003,7226.28
07/09/2026,PAY-26004,11662.99
25/09/2026,PAY-26005,1343.73
22/09/2026, PAY-26006 ,10760.67
19/09/2026, PAY-26007 ,5100.58
17/09/2026, PAY-26008 ,12584.54
08/09/2026,PAY-26009,10266.71
29/09/2026,PAY-26010,4592.76
26/09/2026,PAY-26011,17293.72
26/09/2026,PAY-26012,15287.63
22/09/2026,PAY-26013,14111.44
18/09/2026,PAY-26014,2063.21
30/09/2026,PAY-26015,1762.50
14/09/2026,PAY-26016,10023.73
20/09/2026,PAY-26017,15036.42
02/09/2026,PAY-26018,10525.04
17/09/2026,PAY-26019,16892.25
08/09/2026,PAY-26020,2667.80
28/09/2026,PAY-26021,5788.32
13/09/2026,PAY-26022,10666.92
22/09/2026,PAY-26023,7051.85
11/09/2026,PAY-26024,8185.36
02/09/2026,PAY-26025,2744.71
26/09/2026,PAY-26026,15655.20
04/09/2026,PAY-26027,13515.31
02/09/2026,PAY-26028,1939.34
21/09/2026,PAY-26029,13497.94
24/09/2026,PAY-26030,6675.63
03/09/2026,PAY-26031,18417.46
22/09/2026,PAY-26032,4618.53
19/09/2026,PAY-26033,1800.19
20/09/2026,PAY-26034,8422.15
01/10/2026,PAY-26035,13207.39
19/09/2026,PAY-26036,15507.90
14/09/2026,PAY-26037,17965.97
29/09/2026,PAY-26038,8948.40
08/09/2026,PAY-26039,9416.58
17/09/2026,PAY-26040,3074.80
22/09/2026,PAY-26041,16879.29
03/09/2026,PAY-26042,15079.15
28/09/2026,PAY-26043,7697.70
27/09/2026,PAY-26044,15326.59
26/09/2026,PAY-26045,11176.58
08/09/2026,PAY-26046,15719.00
02/09/2026,PAY-26047,7586.09
07/09/2026,PAY-26048,9694.18
29/09/2026,PAY-26049,4687.81
07/09/2026,PAY-26050,590.12
20/09/2026,PAY-26051,1268.83
24/09/2026,PAY-26052,15310.74
21/09/2026,PAY-26053,10165.41
23/09/2026,PAY-26054,15998.81
04/09/2026,PAY-26055,7144.46
23/09/2026,PAY-26056,17061.75
28/09/2026,PAY-26057,12006.73
03/09/2026,PAY-26058,3810.17
01/10/2026,PAY-26059,11295.94
11/09/2026,PAY-26060,3353.32
24/09/2026,PAY-26061,9969.22
24/09/2026,PAY-26062,5434.44
15/09/2026,PAY-26063,16901.19
22/09/2026,PAY-26064,3270.44
03/09/2026,PAY-26065,2706.26
10/09/2026,PAY-26066,5838.36
16/09/2026,PAY-26067,11956.45
07/09/2026,PAY-26068,633.39
27/09/2026,PAY-26069,10461.60
20/09/2026,PAY-26070,1009.58
08/09/2026,PAY-26071,10294.25
27/09/2026,PAY-26072,6625.74
04/09/2026,PAY-26073,10914.45
02/09/2026,PAY-26074,13075.79
11/09/2026,PAY-26075,10505.86
02/09/2026,PAY-26076,16535.94
25/09/2026,PAY-26077,17170.18
22/09/2026,PAY-26078,10251.48
08/09/2026,PAY-26079,10890.40
12/09/2026,PAY-26080,16249.67
20/09/2026,PAY-26081,9232.93
26/09/2026,PAY-26082,6098.45
02/09/2026,PAY-26083,8119.48
16/09/2026,PAY-26084,12316.02
19/09/2026,PAY-26085,17141.66
30/09/2026,PAY-26086,9203.13
04/09/2026,PAY-26087,8500.28
15/09/2026,PAY-26088,17696.15
20/09/2026,PAY-26089,18015.61
29/09/2026,PAY-26090,11780.44
01/09/2026,PAY-26091,14888.75
18/09/2026,PAY-26092,13364.26
04/09/2026,PAY-26093,5599.78
25/09/2026,PAY-26094,11736.26
25/09/2026,PAY-26095,6802.14
07/09/2026,PAY-26096,5779.56
09/09/2026,PAY-26097,3998.73
05/09/2026,PAY-26098,6963.99
05/09/2026,PAY-26099,425.95
25/09/2026,PAY-26100,9090.37
21/09/2026,PAY-26101,15744.49
12/09/2026,PAY-26102,14759.54
23/09/2026,PAY-26103,4223.11
10/09/2026,PAY-26104,852.54
07/09/2026,PAY-26105,17686.57
23/09/2026,PAY-26106,9721.02
08/09/2026,PAY-26107,786.54
29/09/2026,PAY-26108,5608.72
08/09/2026,PAY-26109,829.82
15/09/2026,PAY-26110,17473.24
01/10/2026,PAY-26111,4664.76
21/09/2026,PAY-26112,11341.48
03/09/2026,PAY-26113,16384.93
02/10/2026,PAY-26114,9446.02
30/09/2026,PAY-26115,16684.90
05/09/2026,PAY-26116,11664.33
28/09/2026,PAY-26117,2534.30
10/09/2026,PAY-26118,17180.35
03/09/2026,PAY-26119,9708.55
15/09/2026,PAY-26120,14758.99
27/09/2026,PAY-26121,5815.31
05/09/2026,PAY-26122,2768.26
14/09/2026,PAY-26123,8016.58
21/09/2026,PAY-26124,18270.39
24/09/2026,PAY-26125,2306.87
15/09/2026,PAY-26126,16091.42
14/09/2026,PAY-26127,17611.48
27/09/2026,PAY-26128,12553.02
30/09/2026,PAY-26129,10164.53
21/09/2026,PAY-26130,16867.52
19/09/2026,PAY-26131,3014.52
05/09/2026,PAY-26132,191.45
13/09/2026,PAY-26133,11254.27
17/09/2026,PAY-26134,3277.28
09/09/2026,PAY-26135,5546.59
20/09/2026,PAY-26136,5209.83
13/09/2026,PAY-26137,12742.75
17/09/2026,PAY-26138,5950.63
17/09/2026,PAY-26139,8729.07
28/09/2026,PAY-26140,1887.54
10/09/2026,PAY-26141,12483.25
29/09/2026,PAY-26142,14165.58
29/09/2026,PAY-26143,4873.86
09/09/2026,PAY-26144,1865.59
08/09/2026,PAY-26145,5369.24
07/09/2026,PAY-26146,7397.54
21/09/2026,PAY-26147,11192.68
28/09/2026,PAY-26148,3783.53
29/09/2026,PAY-26149,16102.33
14/09/2026,PAY-26150,2416.41
08/09/2026,PAY-26151,18424.06
05/09/2026,PAY-26152,10962.78
06/09/2026,PAY-26153,15067.65
13/09/2026,PAY-26154,1242.20
11/09/2026,PAY-26155,11597.32
04/09/2026,PAY-26156,16527.06
06/09/2026,PAY-26157,7438.58
07/09/2026,PAY-26158,15580.29
23/09/2026,PAY-26159,18293.78
28/09/2026,PAY-26160,16563.12
21/09/2026,PAY-26161,5379.10
24/09/2026,PAY-26162,2902.58
30/09/2026,PAY-26163,5235.47
23/09/2026,PAY-26164,198.34
19/09/2026,PAY-26165,7579.08
08/09/2026,PAY-26166,17824.61
04/09/2026,PAY-26167,1678.41
03/09/2026,PAY-26168,4516.45
13/09/2026,PAY-26169,10205.36
26/09/2026,PAY-26170,11431.63
02/10/2026,PAY-26171,15773.69
01/09/2026,PAY-26172,4533.14
14/09/2026,PAY-26173,6790.28
16/09/2026,PAY-26174,5048.82
30/09/2026,BANK-CHG-0926,42.50
30/09/2026,INT-0926,(18.73)
15/09/2026,DD-INSURE-09,1265.00
