ID,Area,Requirement,Why it matters,Data needed from the source payroll,Target artefact (ECP / Workday Payroll / third-party),How it is validated,Meldra status,Priority
PAY-01,Scope,Choose the go-live point: start of a tax year vs mid-year,Mid-year go-live requires YTD (and QTD in some countries) balances for every employee; start-of-year needs far less history,"Payroll calendar, tax year boundaries per country",Project decision,Signed-off scope document,—,P0
PAY-02,Scope,Decide how much history to migrate,Options: YTD balances only; plus prior-year totals for year-end reporting; plus full pay results for retro and audit,Payroll register per period for the chosen history window,Project decision,Scope document,—,P0
PAY-03,Scope,Identify payroll countries and payroll provider per country,"Each country has its own tax, social security and statutory reporting",Employee counts per country and pay group,ECP / Workday Payroll / third-party per country,Country list signed off,—,P0
PAY-04,Configuration,Wage type / earning & deduction crosswalk (source code → target code),Every amount must land on the right target wage type; this table drives balances and payslips,Source earnings/deductions catalogue with descriptions and tax treatment,Target wage type / pay component catalogue,Every source code mapped; unmapped codes block the load,Partial: Meldra maps wage-type names to codes and blocks non-SAP codes in T558C; no check against the target catalogue (SAP T512W) yet,P0
PAY-05,Configuration,"Pay groups, pay calendars and pay frequency",Employees must sit in the right payroll with the right period dates,"Pay group per employee, calendar, frequency",Target pay groups / calendars,All employees assigned; calendars match,Partial (pay group code carried),P1
PAY-06,Master data,Basic pay and recurring payments/deductions,Drives gross pay every period,"Effective-dated salary, allowances, recurring deductions",ECP IT0008 / IT0014; Workday compensation + ongoing inputs; EC EmpPayCompRecurring,Reconcile totals per wage type,"Supported (EC recurring components, reconciled)",P0
PAY-07,Master data,One-time payments in the migration window,Bonuses/awards paid around cutover must not be paid twice or missed,One-time payments with pay date,ECP IT0015; Workday one-time payment / payroll input; EC EmpPayCompNonRecurring,Reconcile totals,"Supported (EC non-recurring, reconciled)",P1
PAY-08,Master data,Bank details and payment splits,Wrong bank data = wrong payments,"IBAN/account, routing/sort code, split rules",ECP IT0009; Workday payment elections; EC PaymentInformation (MDF),"IBAN checksum, sort/routing length, dual review",Partial (validation done; split payments and MDF layout pending),P0
PAY-09,Master data,Tax data per country,Legal requirement; wrong codes = wrong tax,"Tax codes/classes/elections (e.g. UK tax code & NI category, US W-4 federal/state, DE Steuerklasse)",ECP country tax infotypes; Workday tax elections,Per-country checks with payroll SME,Not yet,P0
PAY-10,Master data,Social security / insurance data,Contributions and statutory reporting,"NI numbers, social security IDs, insurance providers (e.g. DE Krankenkasse)",ECP country infotypes; Workday country data,Format validation + SME review,Not yet,P1
PAY-11,Master data,Garnishments / court orders / loans,Legal obligations continue across the move,"Order details, priority, balances remaining",ECP garnishment infotypes; Workday withholding orders,Balances remaining reconcile,Not yet,P1
PAY-12,Master data,Pension and benefit deductions,Contributions must continue without gaps,"Scheme, member number, employee/employer %, provider",ECP deductions/benefits; Workday benefits/retirement plans,Contribution totals reconcile,Partial (pension enrolment file),P1
PAY-13,Master data,Cost distribution / cost center assignment for payroll postings,Payroll GL postings must hit the right cost centers,Cost center or split % per employee,ECP IT0027 / cost assignment; Workday costing allocations,Postings trial run,Partial (cost center on job record; splits not yet),P2
PAY-14,Balances,Opening balances YTD (and QTD/MTD where required),Tax and statutory totals must continue for the year,Balances per employee × wage type/balance × tax authority as of cutover,ECP legacy payroll results / balance load; Workday historical payroll load,Sum per balance = source payroll register and statutory filings to date,"Partial: generic YTD file (reconciled); for SAP payroll, T558B/T558C legacy results files built from per-period results and reconciled to YTD (layout to confirm per country)",P0
PAY-15,Balances,Employer-side balances,Employer contributions feed statutory reports and GL,Employer NI / FICA / social contributions YTD,As PAY-14,As PAY-14,Not yet (only what the extract provides),P1
PAY-16,Balances,"Arrears, advances and loans outstanding",Otherwise lost or double-recovered,Outstanding amounts per employee,Target recovery wage types,Totals reconcile,Not yet,P2
PAY-17,Statutory,Year-end and statutory reporting continuity,"Year-end forms (e.g. P60, W-2) must cover the full year across two systems","Prior submissions (e.g. UK RTI FPS, US 941) and their totals",Target statutory reporting setup,Target YTD = submitted totals,Not yet,P0
PAY-18,Retro,Retro-pay cutoff,Retro changes dated before go-live must be settled in the old system or loaded carefully,List of back-dated changes after last source payroll,Project decision,Retro log signed off,—,P1
PAY-19,Testing,Parallel payroll runs (usually 2–3),The only proof the new payroll pays correctly,Source payroll results for the same periods,Target payroll test runs,Gross-to-net per employee within agreed tolerance (e.g. ±0.01),Not yet (Meldra can host the comparison: planned),P0
PAY-20,Reconciliation,Control totals at every load,Proves nothing was lost or duplicated,"Headcount, gross, net, tax, deductions per pay group",All,Source vs target totals,"Supported for EC comp, bonuses, YTD, pension (per currency)",P0
PAY-21,Security,PII and bank data handling,Payroll data is the most sensitive HR data,—,All,"Encryption, restricted access, audit trail, deletion after cutover",Partial (browser-only processing; audit trail not yet),P0
PAY-22,Cutover,Cutover plan and freeze,Stops changes between final extract and go-live,"Change freeze dates, final extract timing",Project plan,Delta load reconciled,Not yet (delta loads planned MIG-23),P1
PAY-23,Balances,Payroll periods and employee master data exist in the target before loading history,"SAP validates legacy results against infotypes 0000/0001/0002/0007/0008/0009 (plus country social security) valid from the first loaded period, and needs payroll periods generated for every payroll area","Periods to load, per payroll area",SAP payroll customizing + employee master data,Upload program validations pass; retro allowed only from go-live,Not in Meldra's scope (target configuration); stated in the README,P0
PAY-24,Balances,"After loading history, set earliest retro / master-data-change dates to go-live",Otherwise SAP tries to recalculate the migrated legacy periods and fails,Go-live date,SAP (IT0003 payroll status),Test payroll run after load,Not in Meldra's scope (target step); add to the README checklist,P0
