Domain,Business object,Workday object / concept,Workday inbound load (EIB spreadsheet / web service — confirm names in the tenant),SuccessFactors object (entity),SuccessFactors inbound load,Workday key fields,SuccessFactors key fields,Meldra canonical concepts,Workday → SuccessFactors notes,SuccessFactors → Workday notes,Meldra status today,Gotchas / decisions
Org,Legal entity,Company (organization),Add_Update_Organization (type Company),FOCompany (Legal Entity; MDF on newer instances),Import Foundation Data (or MDF import),"Organization Reference ID, Company name, Country, Currency","externalCode, start-date, name, country, currency","company_code, company_name, company_country, company_currency",Company → Legal Entity 1:1,Legal Entity → Company; set company hierarchy separately,WD→SF supported,Legal entity drives country-specific fields in SF (CSF). Get the list first.
Org,Cost center,Cost Center (organization),Add_Update_Organization (type Cost Center),FOCostCenter,Import Foundation Data,"Cost Center ID, name, hierarchy","externalCode, legalEntity, parent","cost_center, cost_center_name, cost_center_company, cost_center_parent",Cost center hierarchy → parent; legal entity link checked,FOCostCenter → Cost Center org; hierarchy rebuilt as org hierarchy,WD→SF supported,Workday cost centers may not be tied to a company; SF usually expects legal entity assignment.
Org,Department / org unit,Supervisory Organization (manager-based hierarchy),Add_Update_Organization (type Supervisory),"FODepartment (plus Division, Business Unit)",Import Foundation Data,"Organization ID, manager, superior org","externalCode, parent, cost-center","department_code, department_name, business_unit, division",Supervisory orgs are manager-centric and often deeper than SF departments: decide which levels become Business Unit / Division / Department,"SF Department/Division/BU → Supervisory org + separate org types (e.g. Region, custom)",WD→SF supported (department only; BU/division if present in extract),Biggest design decision in both directions: the org structure is not 1:1.
Org,Location,Location,Put_Location,FOLocation,Import Foundation Data,"Location ID, name, address, time zone, location type","externalCode, name, timezone, address","location_code, location_name, location_country, timezone",1:1,1:1; Workday needs location usage/type,WD→SF supported,
Org,Job,Job Profile (with Job Family / Family Group),Put_Job_Profile,FOJobCode (Job Classification) + job-classification country data,Import Foundation Data,"Job Profile ID, title, job family, exempt flag per country","externalCode, name, job function, pay grade","job_code, job_name",Job profile → job classification 1:1; country FLSA/exempt data needs country records,Job classification → job profile; job families must exist first,WD→SF supported (code + name),Country-specific job data (e.g. US FLSA) not yet migrated.
Org,Position,Position (if Position Management staffing model),Create_Position / Edit_Position_Restrictions,Position (MDF object),Import and Export Data (MDF),"Position ID, supervisory org, job profile, worker","code, effectiveStartDate, jobCode, department, incumbent",— (not yet),Only if the customer uses position management in SF,Workday Job Management vs Position Management staffing model must be chosen per org,Not yet,Staffing model decision drives hire and job change loads.
Org,Pay grade / pay range,Compensation Grade / Grade Profile,Put_Compensation_Grade,"FOPayGrade, FOPayRange",Import Foundation Data,"Grade ID, min/mid/max, currency","externalCode, paygradeLevel; range min/mid/max",pay_grade,Grade code carried; ranges not yet,Grades and profiles → pay grade + range,Partial (code only),
Org,Pay group,Pay Group (payroll),Put_Pay_Group,FOPayGroup,Import Foundation Data,"Pay Group ID, pay frequency, calendar","externalCode, payroll ID, frequency",pay_group,Carried on compensation,Pay groups need payroll calendars in Workday Payroll,Partial (code only),Pay group ↔ pay calendar must be configured in the target first.
Org,Pay components,"Compensation Plans (Salary, Allowance, Bonus) and Earnings / Deductions (payroll)",Put_Compensation_Plan…; earnings/deductions are configuration,"FOPayComponent, FOPayComponentGroup",Import Foundation Data,"Plan ID, earning code","externalCode, recurring flag, frequency, currency","pay_component, one_time_component",Plans → pay components; Meldra lets you map names to codes,Pay components → compensation plans (salary vs allowance vs bonus) — needs classification,"Partial (mapping, no validation vs target list)",Cross-walk table of plan ↔ component is a mandatory design deliverable.
Org,Event / action reasons,"Business Process reasons (Hire, Job Change, Termination reasons)",Configuration (reason codes),FOEventReason (event + event reason),Import Foundation Data,Reason reference IDs,"externalCode, event (H, 5, 26…), status",— (settings: hire/job change/transfer/data change/retirement),Meldra classifies history events and applies configurable codes,Event reasons → business process reasons,Partial (configurable defaults),Load the target's reason list to validate codes (plan MIG-17).
Person,Person / user,"Worker (Employee or Contingent Worker), Employee ID, WID",Hire_Employee (creates worker + position/job),"User (Basic Import), PerPerson (person-id-external)",Import Employee Data (Basic Import first),Employee_ID,"USERID, person-id-external (often same value)","employee_id, username",Employee ID → user-id and person-id-external,One SF person may have several employments (user-ids); Workday worker is per employment context,WD→SF supported,SF separates Person and Employment; Workday combines them — watch concurrent employments.
Person,Personal data,"Legal name, preferred name, gender, DOB, marital, nationality",Change_Personal_Information / Change_Legal_Name / Change_Preferred_Name,"PerPersonal (effective-dated), PerPerson (DOB, birth country)",Import Employee Data,"Name components per country, gender, DOB","first-name, last-name, gender, marital-status, nationality",first_name … nationality,Supported with picklist translation,Workday name components vary by country (country name format),WD→SF supported,Picklist values differ per instance — edit codes on the Cleanse step.
Person,Contact,"Work / home email, phone, address","Change_Work_Contact_Information, Change_Home_Contact_Information","PerEmail, PerPhone, PerAddressDEFLT (country formats)",Import Employee Data,"Usage type (work/home), primary flag","email-type, phone-type, address-type, isPrimary","email_*, phone_work, address_*","Supported (one phone type, default address format)",Workday requires usage + public/primary flags,WD→SF supported (basic),Country-specific address formats not yet generated.
Person,National ID,"Government IDs (National ID, passport, visa)",Change_Government_IDs,"PerNationalId, PerGlobalInfo_<country>",Import Employee Data,"ID type per country, issuing country","country, card-type, national-id, isPrimary",— (not yet),Planned MIG-08,ID types must be mapped per country,Not yet,"Format validation per country (NI number, SSN, Steuer-ID) needed."
Person,Emergency contacts,Emergency contacts,Change_Emergency_Contacts,PerEmergencyContacts,Import Employee Data,"Priority, relationship","name, relationship, primary_flag",— (carried as-is),Carried in custom/ today,Relationship picklists differ,Carried only,
Person,Dependents,Dependents / beneficiaries (Benefits),Add_Dependent,PerPersonRelationship (dependents) + Benefits,Import Employee Data / MDF,"Dependent ID, relationship, DOB","related-person-id-external, relationship-type",— (carried as-is),Carried in custom/; never merged into employee,Dependents need their own person records in SF,Carried only,Needs its own person IDs in SF.
Employment,Hire / employment,"Hire business process (hire date, original hire, continuous service)",Hire_Employee,"EmpEmployment (start-date, originalStartDate, seniorityDate)",Import Employee Data,"Hire date, original hire date, continuous service date","start-date, originalStartDate, seniorityDate","hire_date, original_hire_date, seniority_date",Supported,Rehires: Workday keeps history under one worker; SF may create new employment,WD→SF supported,Rehire handling not yet built (plan MIG-10).
Employment,Job history,Job data changes (Change_Job) with effective dates,Change_Job / Transfer / Promote BPs,"EmpJob (effective-dated, seq-number, event, event-reason)",Import Employee Data,"Effective date, job profile, org, location, manager, FTE, worker type","start-date, seq-number, event-reason, company, department, job-code, manager-id, fte","job_* concepts, manager_id, fte, employee_class",Full history kept; classified hire / job change / transfer / data change,"Each EmpJob record → matching Workday BP (Change_Job, Transfer, Promote); order matters",WD→SF supported,Workday BPs can't be back-dated freely; SF → Workday history loads usually bring 'as-of' snapshots plus key events.
Employment,Manager,Manager = supervisory org manager,via Supervisory Organization,EmpJob.manager-id / User MANAGER,Import Employee Data,Org manager,manager-id,manager_id,Supported with NO_MANAGER for the top,SF manager-id → Workday: assign manager of the supervisory org,WD→SF supported,"Workday managers are per org, SF per employee: org design needed both ways."
Employment,Termination / retirement,"Terminate_Employee (reason, last day, regrettable, rehire)",Terminate_Employee,EmpEmploymentTermination,Import Employee Data,"Termination date, reason, last day of work","end-date, event-reason, last-date-worked, ok-to-rehire","termination_*, retirement_date, rehire_eligible",Supported incl. retirees,Reason code mapping required,WD→SF supported,
Employment,Leave of absence,Leave of Absence BP,Request_Leave_of_Absence,EmpJob event (Leave of Absence / Return) or Time Off,Import Employee Data,"Leave type, start, estimated/actual end","event, event-reason",— (not yet),Planned,,Not yet,
Employment,Global assignment / concurrent employment,Additional jobs / international assignments,"Add_Additional_Job, Start_International_Assignment","EmpGlobalAssignment, multiple EmpEmployment",Import Employee Data,Position per job,"assignment-type, company",— (not yet),Planned (plan MIG-05),,Not yet,Needs employment-level keys.
Employment,Work permits,Visas / work permits,Change_Government_IDs (visa) / Work permit,EmpWorkPermit,Import Employee Data,"Document type, country, expiry","document-type, country, expiration-date",— (carried as-is),Carried only,,Carried only,
Compensation,Base pay,Salary / hourly plan assignment,Request_Compensation_Change (or on hire),EmpCompensation + EmpPayCompRecurring,Import Employee Data,"Plan, amount, currency, frequency, effective date","pay-component, paycompvalue, currency-code, frequency","salary_amount, pay_component, currency, pay_frequency","Supported with full history, multiple components per date",Compensation plans must exist; frequency codes differ,WD→SF supported,
Compensation,Allowances,Allowance plans,Request_Compensation_Change,EmpPayCompRecurring,Import Employee Data,"Plan, amount/percent","pay-component, paycompvalue","pay_component, salary_amount",Supported (as recurring components),Percent-based allowances need the base,WD→SF supported,
Compensation,Bonus / one-time,One-time payments,Request_One-Time_Payment,EmpPayCompNonRecurring,Import Employee Data,"Plan, amount, date","pay-component-code, value, pay-date",one_time_*,Supported,,WD→SF supported,
Payroll,Bank details / payment elections,Payment Elections (split by amount/percent),Payment election web service (verify name),PaymentInformationV3 + PaymentInformationDetailV3 (MDF),Import and Export Data (MDF),"Account, routing, split rules","bank country, IBAN / account, routing, pay type","iban, account_number, bank_routing, bic, bank_*","Partial: one account, validated; MDF layout must match the customer's template",Split payments need amount/percent rules,Partial,Bank data = highest-risk PII; encrypt in transit and at rest.
Payroll,Tax elections,"Tax elections per country (e.g. US W-4, UK tax code)",Country tax web services (verify),"ECP country infotypes (e.g. GB IT0065, US IT0210, DE IT0012) — not Employee Central",ECP migration tools / replication,Country-specific,Country-specific,— (not yet),Not in EC; goes to ECP or third-party payroll,,Not yet,Needs payroll SME per country.
Payroll,Payroll balances (YTD/QTD),Payroll balances by pay component / balance period,Historical payroll load (EIB; name varies — verify),ECP: legacy payroll results (e.g. transfer tables T558A–D) or balance carry-forward via IT0015 — not Employee Central,ECP migration cockpit / LSMW / partner tools,"Balance, period, amount, tax authority","Wage type, period, amount","tax_year, wage_type, ytd_amount",Generic file; wage types mappable; reconciled,Workday needs pay component + period + tax authority,Partial,See payroll requirements file.
Payroll,Pension,Retirement savings plans / pension deductions,Benefit elections / deductions,ECP deductions or benefits; EC Pension Payouts for pensioners,Various,"Plan, contribution %, provider","Scheme, member, contributions",pension_*,Generic payroll files,,Partial,
Benefits,Benefits enrolment,"Benefit plans, coverage, dependents",Enroll_in_Benefits…,SF Global Benefits (MDF) or third-party,MDF import,"Plan, coverage level, dependents","Benefit plan, enrollment",— (carried as-is),Carried only,,Carried only,
Time,Time off balances,Time Off plans and balances,Time off balance override / load,"Time Off: time account, time account details",Import Employee Data / MDF,"Plan, balance as-of date","time account type, balance",— (carried as-is),Carried only,,Carried only,
